<?xml version="1.0" encoding="UTF-8"?>
<metadata xml:lang="en"><Esri><CreaDate>20180213</CreaDate><CreaTime>08450200</CreaTime><ArcGISFormat>1.0</ArcGISFormat><SyncOnce>TRUE</SyncOnce><DataProperties><lineage><Process ToolSource="c:\program files (x86)\arcgis\desktop10.5\ArcToolbox\Toolboxes\Data Management Tools.tbx\CopyFeatures" Date="20180213" Time="084502">CopyFeatures catchment "D:\Spencer\Research\Kenya (HydroViewer)\shapefiles\catchment.shp" # 0 0 0</Process></lineage></DataProperties></Esri></metadata>
